level,mets,time,value,date
0,13,00:00:00,1.3620100021362305,2022-11-26
0,13,00:01:00,1.3620100021362305,2022-11-26
0,13,00:02:00,1.3620100021362305,2022-11-26
1,24,00:03:00,2.5144801139831543,2022-11-26
1,24,00:04:00,2.5144801139831543,2022-11-26
0,12,00:05:00,1.2572400569915771,2022-11-26
0,13,00:06:00,1.3620100021362305,2022-11-26
0,10,00:07:00,1.047700047492981,2022-11-26
0,10,00:08:00,1.047700047492981,2022-11-26
0,10,00:09:00,1.047700047492981,2022-11-26
0,11,00:10:00,1.1524699926376343,2022-11-26
0,11,00:11:00,1.1524699926376343,2022-11-26
0,10,00:12:00,1.047700047492981,2022-11-26
0,11,00:13:00,1.1524699926376343,2022-11-26
0,10,00:14:00,1.047700047492981,2022-11-26
0,11,00:15:00,1.1524699926376343,2022-11-26
0,10,00:16:00,1.047700047492981,2022-11-26
0,10,00:17:00,1.047700047492981,2022-11-26
0,11,00:18:00,1.1524699926376343,2022-11-26
0,11,00:19:00,1.1524699926376343,2022-11-26
0,10,00:20:00,1.047700047492981,2022-11-26
0,10,00:21:00,1.047700047492981,2022-11-26
1,24,00:22:00,2.5144801139831543,2022-11-26
0,13,00:23:00,1.3620100021362305,2022-11-26
0,12,00:24:00,1.2572400569915771,2022-11-26
0,12,00:25:00,1.2572400569915771,2022-11-26
0,13,00:26:00,1.3620100021362305,2022-11-26
0,11,00:27:00,1.1524699926376343,2022-11-26
0,11,00:28:00,1.1524699926376343,2022-11-26
0,10,00:29:00,1.047700047492981,2022-11-26
0,10,00:30:00,1.047700047492981,2022-11-26
0,11,00:31:00,1.1524699926376343,2022-11-26
0,10,00:32:00,1.047700047492981,2022-11-26
0,10,00:33:00,1.047700047492981,2022-11-26
0,10,00:34:00,1.047700047492981,2022-11-26
0,10,00:35:00,1.047700047492981,2022-11-26
0,11,00:36:00,1.1524699926376343,2022-11-26
0,11,00:37:00,1.1524699926376343,2022-11-26
0,10,00:38:00,1.047700047492981,2022-11-26
0,10,00:39:00,1.047700047492981,2022-11-26
0,10,00:40:00,1.047700047492981,2022-11-26
0,11,00:41:00,1.1524699926376343,2022-11-26
1,30,00:42:00,3.1431000232696533,2022-11-26
0,11,00:43:00,1.1524699926376343,2022-11-26
1,32,00:44:00,3.35263991355896,2022-11-26
0,11,00:45:00,1.1524699926376343,2022-11-26
0,11,00:46:00,1.1524699926376343,2022-11-26
0,13,00:47:00,1.3620100021362305,2022-11-26
1,36,00:48:00,3.7717199325561523,2022-11-26
1,34,00:49:00,3.5621800422668457,2022-11-26
1,36,00:50:00,3.7717199325561523,2022-11-26
1,40,00:51:00,4.190800189971924,2022-11-26
0,13,00:52:00,1.3620100021362305,2022-11-26
1,50,00:53:00,5.238500118255615,2022-11-26
1,40,00:54:00,4.190800189971924,2022-11-26
1,44,00:55:00,4.609879970550537,2022-11-26
0,11,00:56:00,1.1524699926376343,2022-11-26
1,26,00:57:00,2.724020004272461,2022-11-26
1,24,00:58:00,2.5144801139831543,2022-11-26
0,11,00:59:00,1.1524699926376343,2022-11-26
1,40,01:00:00,4.190800189971924,2022-11-26
1,48,01:01:00,5.028960227966309,2022-11-26
1,48,01:02:00,5.028960227966309,2022-11-26
1,48,01:03:00,5.028960227966309,2022-11-26
0,13,01:04:00,1.3620100021362305,2022-11-26
1,36,01:05:00,3.7717199325561523,2022-11-26
1,36,01:06:00,3.7717199325561523,2022-11-26
1,32,01:07:00,3.35263991355896,2022-11-26
0,11,01:08:00,1.1524699926376343,2022-11-26
0,10,01:09:00,1.047700047492981,2022-11-26
0,10,01:10:00,1.047700047492981,2022-11-26
0,10,01:11:00,1.047700047492981,2022-11-26
0,10,01:12:00,1.047700047492981,2022-11-26
0,10,01:13:00,1.047700047492981,2022-11-26
0,10,01:14:00,1.047700047492981,2022-11-26
0,10,01:15:00,1.047700047492981,2022-11-26
0,10,01:16:00,1.047700047492981,2022-11-26
1,30,01:17:00,3.1431000232696533,2022-11-26
0,11,01:18:00,1.1524699926376343,2022-11-26
0,10,01:19:00,1.047700047492981,2022-11-26
0,10,01:20:00,1.047700047492981,2022-11-26
0,10,01:21:00,1.047700047492981,2022-11-26
0,10,01:22:00,1.047700047492981,2022-11-26
0,10,01:23:00,1.047700047492981,2022-11-26
0,11,01:24:00,1.1524699926376343,2022-11-26
1,26,01:25:00,2.724020004272461,2022-11-26
0,11,01:26:00,1.1524699926376343,2022-11-26
0,10,01:27:00,1.047700047492981,2022-11-26
0,11,01:28:00,1.1524699926376343,2022-11-26
0,11,01:29:00,1.1524699926376343,2022-11-26
0,10,01:30:00,1.047700047492981,2022-11-26
0,11,01:31:00,1.1524699926376343,2022-11-26
0,11,01:32:00,1.1524699926376343,2022-11-26
0,10,01:33:00,1.047700047492981,2022-11-26
0,11,01:34:00,1.1524699926376343,2022-11-26
0,10,01:35:00,1.047700047492981,2022-11-26
0,11,01:36:00,1.1524699926376343,2022-11-26
0,11,01:37:00,1.1524699926376343,2022-11-26
0,10,01:38:00,1.047700047492981,2022-11-26
0,10,01:39:00,1.047700047492981,2022-11-26
0,10,01:40:00,1.047700047492981,2022-11-26
0,10,01:41:00,1.047700047492981,2022-11-26
0,10,01:42:00,1.047700047492981,2022-11-26
0,10,01:43:00,1.047700047492981,2022-11-26
0,11,01:44:00,1.1524699926376343,2022-11-26
0,11,01:45:00,1.1524699926376343,2022-11-26
0,10,01:46:00,1.047700047492981,2022-11-26
0,11,01:47:00,1.1524699926376343,2022-11-26
0,10,01:48:00,1.047700047492981,2022-11-26
0,11,01:49:00,1.1524699926376343,2022-11-26
1,24,01:50:00,2.5144801139831543,2022-11-26
1,26,01:51:00,2.724020004272461,2022-11-26
0,10,01:52:00,1.047700047492981,2022-11-26
0,10,01:53:00,1.047700047492981,2022-11-26
0,10,01:54:00,1.047700047492981,2022-11-26
0,10,01:55:00,1.047700047492981,2022-11-26
0,10,01:56:00,1.047700047492981,2022-11-26
0,10,01:57:00,1.047700047492981,2022-11-26
0,10,01:58:00,1.047700047492981,2022-11-26
0,10,01:59:00,1.047700047492981,2022-11-26
0,11,02:00:00,1.1524699926376343,2022-11-26
0,10,02:01:00,1.047700047492981,2022-11-26
0,10,02:02:00,1.047700047492981,2022-11-26
0,10,02:03:00,1.047700047492981,2022-11-26
0,10,02:04:00,1.047700047492981,2022-11-26
0,10,02:05:00,1.047700047492981,2022-11-26
0,10,02:06:00,1.047700047492981,2022-11-26
0,10,02:07:00,1.047700047492981,2022-11-26
0,10,02:08:00,1.047700047492981,2022-11-26
0,10,02:09:00,1.047700047492981,2022-11-26
0,10,02:10:00,1.047700047492981,2022-11-26
0,10,02:11:00,1.047700047492981,2022-11-26
0,10,02:12:00,1.047700047492981,2022-11-26
0,10,02:13:00,1.047700047492981,2022-11-26
0,10,02:14:00,1.047700047492981,2022-11-26
0,10,02:15:00,1.047700047492981,2022-11-26
0,10,02:16:00,1.047700047492981,2022-11-26
0,10,02:17:00,1.047700047492981,2022-11-26
0,10,02:18:00,1.047700047492981,2022-11-26
0,10,02:19:00,1.047700047492981,2022-11-26
0,10,02:20:00,1.047700047492981,2022-11-26
0,10,02:21:00,1.047700047492981,2022-11-26
0,10,02:22:00,1.047700047492981,2022-11-26
0,10,02:23:00,1.047700047492981,2022-11-26
0,10,02:24:00,1.047700047492981,2022-11-26
0,10,02:25:00,1.047700047492981,2022-11-26
0,10,02:26:00,1.047700047492981,2022-11-26
0,10,02:27:00,1.047700047492981,2022-11-26
0,10,02:28:00,1.047700047492981,2022-11-26
0,10,02:29:00,1.047700047492981,2022-11-26
0,10,02:30:00,1.047700047492981,2022-11-26
0,10,02:31:00,1.047700047492981,2022-11-26
0,10,02:32:00,1.047700047492981,2022-11-26
0,10,02:33:00,1.047700047492981,2022-11-26
0,10,02:34:00,1.047700047492981,2022-11-26
0,13,02:35:00,1.3620100021362305,2022-11-26
1,34,02:36:00,3.5621800422668457,2022-11-26
1,26,02:37:00,2.724020004272461,2022-11-26
0,11,02:38:00,1.1524699926376343,2022-11-26
0,10,02:39:00,1.047700047492981,2022-11-26
0,10,02:40:00,1.047700047492981,2022-11-26
0,10,02:41:00,1.047700047492981,2022-11-26
0,11,02:42:00,1.1524699926376343,2022-11-26
0,10,02:43:00,1.047700047492981,2022-11-26
0,10,02:44:00,1.047700047492981,2022-11-26
0,11,02:45:00,1.1524699926376343,2022-11-26
0,10,02:46:00,1.047700047492981,2022-11-26
0,10,02:47:00,1.047700047492981,2022-11-26
0,10,02:48:00,1.047700047492981,2022-11-26
0,10,02:49:00,1.047700047492981,2022-11-26
0,10,02:50:00,1.047700047492981,2022-11-26
0,10,02:51:00,1.047700047492981,2022-11-26
0,10,02:52:00,1.047700047492981,2022-11-26
0,10,02:53:00,1.047700047492981,2022-11-26
0,10,02:54:00,1.047700047492981,2022-11-26
0,11,02:55:00,1.1524699926376343,2022-11-26
0,10,02:56:00,1.047700047492981,2022-11-26
0,10,02:57:00,1.047700047492981,2022-11-26
0,10,02:58:00,1.047700047492981,2022-11-26
0,10,02:59:00,1.047700047492981,2022-11-26
0,10,03:00:00,1.047700047492981,2022-11-26
0,10,03:01:00,1.047700047492981,2022-11-26
0,10,03:02:00,1.047700047492981,2022-11-26
0,10,03:03:00,1.047700047492981,2022-11-26
0,10,03:04:00,1.047700047492981,2022-11-26
0,10,03:05:00,1.047700047492981,2022-11-26
0,10,03:06:00,1.047700047492981,2022-11-26
0,10,03:07:00,1.047700047492981,2022-11-26
0,10,03:08:00,1.047700047492981,2022-11-26
0,10,03:09:00,1.047700047492981,2022-11-26
0,10,03:10:00,1.047700047492981,2022-11-26
0,10,03:11:00,1.047700047492981,2022-11-26
0,10,03:12:00,1.047700047492981,2022-11-26
0,10,03:13:00,1.047700047492981,2022-11-26
0,10,03:14:00,1.047700047492981,2022-11-26
0,10,03:15:00,1.047700047492981,2022-11-26
0,10,03:16:00,1.047700047492981,2022-11-26
0,10,03:17:00,1.047700047492981,2022-11-26
0,10,03:18:00,1.047700047492981,2022-11-26
0,10,03:19:00,1.047700047492981,2022-11-26
0,10,03:20:00,1.047700047492981,2022-11-26
0,10,03:21:00,1.047700047492981,2022-11-26
0,10,03:22:00,1.047700047492981,2022-11-26
0,10,03:23:00,1.047700047492981,2022-11-26
0,10,03:24:00,1.047700047492981,2022-11-26
0,10,03:25:00,1.047700047492981,2022-11-26
0,10,03:26:00,1.047700047492981,2022-11-26
0,10,03:27:00,1.047700047492981,2022-11-26
0,10,03:28:00,1.047700047492981,2022-11-26
0,10,03:29:00,1.047700047492981,2022-11-26
0,10,03:30:00,1.047700047492981,2022-11-26
0,10,03:31:00,1.047700047492981,2022-11-26
0,11,03:32:00,1.1524699926376343,2022-11-26
0,10,03:33:00,1.047700047492981,2022-11-26
0,10,03:34:00,1.047700047492981,2022-11-26
0,10,03:35:00,1.047700047492981,2022-11-26
0,10,03:36:00,1.047700047492981,2022-11-26
0,10,03:37:00,1.047700047492981,2022-11-26
0,10,03:38:00,1.047700047492981,2022-11-26
0,10,03:39:00,1.047700047492981,2022-11-26
0,10,03:40:00,1.047700047492981,2022-11-26
0,10,03:41:00,1.047700047492981,2022-11-26
0,10,03:42:00,1.047700047492981,2022-11-26
0,10,03:43:00,1.047700047492981,2022-11-26
0,10,03:44:00,1.047700047492981,2022-11-26
0,10,03:45:00,1.047700047492981,2022-11-26
0,10,03:46:00,1.047700047492981,2022-11-26
0,10,03:47:00,1.047700047492981,2022-11-26
0,10,03:48:00,1.047700047492981,2022-11-26
0,10,03:49:00,1.047700047492981,2022-11-26
0,10,03:50:00,1.047700047492981,2022-11-26
0,10,03:51:00,1.047700047492981,2022-11-26
0,10,03:52:00,1.047700047492981,2022-11-26
0,10,03:53:00,1.047700047492981,2022-11-26
0,10,03:54:00,1.047700047492981,2022-11-26
0,10,03:55:00,1.047700047492981,2022-11-26
0,10,03:56:00,1.047700047492981,2022-11-26
0,10,03:57:00,1.047700047492981,2022-11-26
0,10,03:58:00,1.047700047492981,2022-11-26
0,10,03:59:00,1.047700047492981,2022-11-26
0,10,04:00:00,1.047700047492981,2022-11-26
0,10,04:01:00,1.047700047492981,2022-11-26
0,10,04:02:00,1.047700047492981,2022-11-26
0,10,04:03:00,1.047700047492981,2022-11-26
0,10,04:04:00,1.047700047492981,2022-11-26
0,10,04:05:00,1.047700047492981,2022-11-26
0,10,04:06:00,1.047700047492981,2022-11-26
0,10,04:07:00,1.047700047492981,2022-11-26
0,10,04:08:00,1.047700047492981,2022-11-26
0,10,04:09:00,1.047700047492981,2022-11-26
0,10,04:10:00,1.047700047492981,2022-11-26
0,10,04:11:00,1.047700047492981,2022-11-26
0,10,04:12:00,1.047700047492981,2022-11-26
0,10,04:13:00,1.047700047492981,2022-11-26
0,10,04:14:00,1.047700047492981,2022-11-26
0,10,04:15:00,1.047700047492981,2022-11-26
0,10,04:16:00,1.047700047492981,2022-11-26
0,11,04:17:00,1.1524699926376343,2022-11-26
0,10,04:18:00,1.047700047492981,2022-11-26
0,10,04:19:00,1.047700047492981,2022-11-26
0,10,04:20:00,1.047700047492981,2022-11-26
0,10,04:21:00,1.047700047492981,2022-11-26
0,10,04:22:00,1.047700047492981,2022-11-26
0,10,04:23:00,1.047700047492981,2022-11-26
0,10,04:24:00,1.047700047492981,2022-11-26
0,10,04:25:00,1.047700047492981,2022-11-26
0,10,04:26:00,1.047700047492981,2022-11-26
0,10,04:27:00,1.047700047492981,2022-11-26
0,10,04:28:00,1.047700047492981,2022-11-26
0,10,04:29:00,1.047700047492981,2022-11-26
0,10,04:30:00,1.047700047492981,2022-11-26
0,10,04:31:00,1.047700047492981,2022-11-26
0,10,04:32:00,1.047700047492981,2022-11-26
0,10,04:33:00,1.047700047492981,2022-11-26
0,10,04:34:00,1.047700047492981,2022-11-26
0,10,04:35:00,1.047700047492981,2022-11-26
0,10,04:36:00,1.047700047492981,2022-11-26
0,10,04:37:00,1.047700047492981,2022-11-26
0,10,04:38:00,1.047700047492981,2022-11-26
0,10,04:39:00,1.047700047492981,2022-11-26
0,10,04:40:00,1.047700047492981,2022-11-26
0,10,04:41:00,1.047700047492981,2022-11-26
0,10,04:42:00,1.047700047492981,2022-11-26
0,10,04:43:00,1.047700047492981,2022-11-26
0,10,04:44:00,1.047700047492981,2022-11-26
0,10,04:45:00,1.047700047492981,2022-11-26
0,10,04:46:00,1.047700047492981,2022-11-26
0,10,04:47:00,1.047700047492981,2022-11-26
0,10,04:48:00,1.047700047492981,2022-11-26
0,10,04:49:00,1.047700047492981,2022-11-26
0,10,04:50:00,1.047700047492981,2022-11-26
0,10,04:51:00,1.047700047492981,2022-11-26
0,10,04:52:00,1.047700047492981,2022-11-26
0,10,04:53:00,1.047700047492981,2022-11-26
0,10,04:54:00,1.047700047492981,2022-11-26
0,10,04:55:00,1.047700047492981,2022-11-26
0,10,04:56:00,1.047700047492981,2022-11-26
0,10,04:57:00,1.047700047492981,2022-11-26
0,10,04:58:00,1.047700047492981,2022-11-26
0,10,04:59:00,1.047700047492981,2022-11-26
0,10,05:00:00,1.047700047492981,2022-11-26
0,10,05:01:00,1.047700047492981,2022-11-26
0,10,05:02:00,1.047700047492981,2022-11-26
0,10,05:03:00,1.047700047492981,2022-11-26
0,10,05:04:00,1.047700047492981,2022-11-26
0,10,05:05:00,1.047700047492981,2022-11-26
0,10,05:06:00,1.047700047492981,2022-11-26
0,10,05:07:00,1.047700047492981,2022-11-26
0,10,05:08:00,1.047700047492981,2022-11-26
0,10,05:09:00,1.047700047492981,2022-11-26
0,10,05:10:00,1.047700047492981,2022-11-26
0,10,05:11:00,1.047700047492981,2022-11-26
0,10,05:12:00,1.047700047492981,2022-11-26
0,10,05:13:00,1.047700047492981,2022-11-26
0,10,05:14:00,1.047700047492981,2022-11-26
0,10,05:15:00,1.047700047492981,2022-11-26
0,10,05:16:00,1.047700047492981,2022-11-26
0,10,05:17:00,1.047700047492981,2022-11-26
0,10,05:18:00,1.047700047492981,2022-11-26
0,10,05:19:00,1.047700047492981,2022-11-26
0,10,05:20:00,1.047700047492981,2022-11-26
0,10,05:21:00,1.047700047492981,2022-11-26
0,10,05:22:00,1.047700047492981,2022-11-26
0,10,05:23:00,1.047700047492981,2022-11-26
0,10,05:24:00,1.047700047492981,2022-11-26
0,10,05:25:00,1.047700047492981,2022-11-26
0,10,05:26:00,1.047700047492981,2022-11-26
0,10,05:27:00,1.047700047492981,2022-11-26
0,10,05:28:00,1.047700047492981,2022-11-26
0,10,05:29:00,1.047700047492981,2022-11-26
0,10,05:30:00,1.047700047492981,2022-11-26
0,10,05:31:00,1.047700047492981,2022-11-26
0,10,05:32:00,1.047700047492981,2022-11-26
0,10,05:33:00,1.047700047492981,2022-11-26
0,10,05:34:00,1.047700047492981,2022-11-26
0,10,05:35:00,1.047700047492981,2022-11-26
0,10,05:36:00,1.047700047492981,2022-11-26
0,10,05:37:00,1.047700047492981,2022-11-26
0,10,05:38:00,1.047700047492981,2022-11-26
0,10,05:39:00,1.047700047492981,2022-11-26
0,10,05:40:00,1.047700047492981,2022-11-26
0,10,05:41:00,1.047700047492981,2022-11-26
0,10,05:42:00,1.047700047492981,2022-11-26
0,10,05:43:00,1.047700047492981,2022-11-26
0,10,05:44:00,1.047700047492981,2022-11-26
0,10,05:45:00,1.047700047492981,2022-11-26
0,10,05:46:00,1.047700047492981,2022-11-26
0,10,05:47:00,1.047700047492981,2022-11-26
0,10,05:48:00,1.047700047492981,2022-11-26
0,10,05:49:00,1.047700047492981,2022-11-26
0,10,05:50:00,1.047700047492981,2022-11-26
0,10,05:51:00,1.047700047492981,2022-11-26
0,10,05:52:00,1.047700047492981,2022-11-26
0,10,05:53:00,1.047700047492981,2022-11-26
0,10,05:54:00,1.047700047492981,2022-11-26
0,10,05:55:00,1.047700047492981,2022-11-26
0,10,05:56:00,1.047700047492981,2022-11-26
0,10,05:57:00,1.047700047492981,2022-11-26
0,10,05:58:00,1.047700047492981,2022-11-26
0,10,05:59:00,1.047700047492981,2022-11-26
0,10,06:00:00,1.047700047492981,2022-11-26
0,10,06:01:00,1.047700047492981,2022-11-26
0,10,06:02:00,1.047700047492981,2022-11-26
0,10,06:03:00,1.047700047492981,2022-11-26
0,10,06:04:00,1.047700047492981,2022-11-26
0,10,06:05:00,1.047700047492981,2022-11-26
0,10,06:06:00,1.047700047492981,2022-11-26
0,10,06:07:00,1.047700047492981,2022-11-26
0,10,06:08:00,1.047700047492981,2022-11-26
0,10,06:09:00,1.047700047492981,2022-11-26
0,10,06:10:00,1.047700047492981,2022-11-26
0,10,06:11:00,1.047700047492981,2022-11-26
0,10,06:12:00,1.047700047492981,2022-11-26
0,10,06:13:00,1.047700047492981,2022-11-26
0,10,06:14:00,1.047700047492981,2022-11-26
0,10,06:15:00,1.047700047492981,2022-11-26
0,10,06:16:00,1.047700047492981,2022-11-26
0,10,06:17:00,1.047700047492981,2022-11-26
0,10,06:18:00,1.047700047492981,2022-11-26
0,10,06:19:00,1.047700047492981,2022-11-26
0,10,06:20:00,1.047700047492981,2022-11-26
0,10,06:21:00,1.047700047492981,2022-11-26
0,10,06:22:00,1.047700047492981,2022-11-26
0,10,06:23:00,1.047700047492981,2022-11-26
0,10,06:24:00,1.047700047492981,2022-11-26
0,10,06:25:00,1.047700047492981,2022-11-26
0,10,06:26:00,1.047700047492981,2022-11-26
0,10,06:27:00,1.047700047492981,2022-11-26
0,10,06:28:00,1.047700047492981,2022-11-26
0,10,06:29:00,1.047700047492981,2022-11-26
0,10,06:30:00,1.047700047492981,2022-11-26
0,10,06:31:00,1.047700047492981,2022-11-26
0,10,06:32:00,1.047700047492981,2022-11-26
0,10,06:33:00,1.047700047492981,2022-11-26
0,10,06:34:00,1.047700047492981,2022-11-26
0,10,06:35:00,1.047700047492981,2022-11-26
0,10,06:36:00,1.047700047492981,2022-11-26
0,10,06:37:00,1.047700047492981,2022-11-26
0,10,06:38:00,1.047700047492981,2022-11-26
0,10,06:39:00,1.047700047492981,2022-11-26
0,10,06:40:00,1.047700047492981,2022-11-26
0,10,06:41:00,1.047700047492981,2022-11-26
0,10,06:42:00,1.047700047492981,2022-11-26
0,10,06:43:00,1.047700047492981,2022-11-26
0,10,06:44:00,1.047700047492981,2022-11-26
0,10,06:45:00,1.047700047492981,2022-11-26
0,10,06:46:00,1.047700047492981,2022-11-26
0,10,06:47:00,1.047700047492981,2022-11-26
0,10,06:48:00,1.047700047492981,2022-11-26
0,10,06:49:00,1.047700047492981,2022-11-26
0,10,06:50:00,1.047700047492981,2022-11-26
0,10,06:51:00,1.047700047492981,2022-11-26
0,10,06:52:00,1.047700047492981,2022-11-26
0,10,06:53:00,1.047700047492981,2022-11-26
0,10,06:54:00,1.047700047492981,2022-11-26
0,10,06:55:00,1.047700047492981,2022-11-26
0,10,06:56:00,1.047700047492981,2022-11-26
0,10,06:57:00,1.047700047492981,2022-11-26
0,10,06:58:00,1.047700047492981,2022-11-26
0,10,06:59:00,1.047700047492981,2022-11-26
0,10,07:00:00,1.047700047492981,2022-11-26
0,10,07:01:00,1.047700047492981,2022-11-26
0,10,07:02:00,1.047700047492981,2022-11-26
0,10,07:03:00,1.047700047492981,2022-11-26
0,10,07:04:00,1.047700047492981,2022-11-26
0,10,07:05:00,1.047700047492981,2022-11-26
0,10,07:06:00,1.047700047492981,2022-11-26
0,10,07:07:00,1.047700047492981,2022-11-26
0,10,07:08:00,1.047700047492981,2022-11-26
0,10,07:09:00,1.047700047492981,2022-11-26
0,10,07:10:00,1.047700047492981,2022-11-26
0,10,07:11:00,1.047700047492981,2022-11-26
0,10,07:12:00,1.047700047492981,2022-11-26
0,10,07:13:00,1.047700047492981,2022-11-26
0,10,07:14:00,1.047700047492981,2022-11-26
0,10,07:15:00,1.047700047492981,2022-11-26
0,10,07:16:00,1.047700047492981,2022-11-26
0,10,07:17:00,1.047700047492981,2022-11-26
0,10,07:18:00,1.047700047492981,2022-11-26
0,10,07:19:00,1.047700047492981,2022-11-26
0,10,07:20:00,1.047700047492981,2022-11-26
0,10,07:21:00,1.047700047492981,2022-11-26
0,10,07:22:00,1.047700047492981,2022-11-26
0,10,07:23:00,1.047700047492981,2022-11-26
0,10,07:24:00,1.047700047492981,2022-11-26
0,10,07:25:00,1.047700047492981,2022-11-26
0,10,07:26:00,1.047700047492981,2022-11-26
0,10,07:27:00,1.047700047492981,2022-11-26
0,10,07:28:00,1.047700047492981,2022-11-26
0,10,07:29:00,1.047700047492981,2022-11-26
0,11,07:30:00,1.1524699926376343,2022-11-26
0,10,07:31:00,1.047700047492981,2022-11-26
0,10,07:32:00,1.047700047492981,2022-11-26
0,10,07:33:00,1.047700047492981,2022-11-26
0,10,07:34:00,1.047700047492981,2022-11-26
0,10,07:35:00,1.047700047492981,2022-11-26
0,10,07:36:00,1.047700047492981,2022-11-26
0,10,07:37:00,1.047700047492981,2022-11-26
0,10,07:38:00,1.047700047492981,2022-11-26
0,10,07:39:00,1.047700047492981,2022-11-26
0,10,07:40:00,1.047700047492981,2022-11-26
0,10,07:41:00,1.047700047492981,2022-11-26
0,10,07:42:00,1.047700047492981,2022-11-26
0,10,07:43:00,1.047700047492981,2022-11-26
0,10,07:44:00,1.047700047492981,2022-11-26
0,10,07:45:00,1.047700047492981,2022-11-26
0,10,07:46:00,1.047700047492981,2022-11-26
0,10,07:47:00,1.047700047492981,2022-11-26
0,10,07:48:00,1.047700047492981,2022-11-26
0,10,07:49:00,1.047700047492981,2022-11-26
0,10,07:50:00,1.047700047492981,2022-11-26
0,10,07:51:00,1.047700047492981,2022-11-26
0,10,07:52:00,1.047700047492981,2022-11-26
0,10,07:53:00,1.047700047492981,2022-11-26
0,10,07:54:00,1.047700047492981,2022-11-26
0,10,07:55:00,1.047700047492981,2022-11-26
0,10,07:56:00,1.047700047492981,2022-11-26
0,10,07:57:00,1.047700047492981,2022-11-26
0,10,07:58:00,1.047700047492981,2022-11-26
0,10,07:59:00,1.047700047492981,2022-11-26
0,10,08:00:00,1.047700047492981,2022-11-26
0,10,08:01:00,1.047700047492981,2022-11-26
0,10,08:02:00,1.047700047492981,2022-11-26
0,10,08:03:00,1.047700047492981,2022-11-26
0,10,08:04:00,1.047700047492981,2022-11-26
0,10,08:05:00,1.047700047492981,2022-11-26
0,10,08:06:00,1.047700047492981,2022-11-26
0,10,08:07:00,1.047700047492981,2022-11-26
0,10,08:08:00,1.047700047492981,2022-11-26
0,10,08:09:00,1.047700047492981,2022-11-26
0,10,08:10:00,1.047700047492981,2022-11-26
0,10,08:11:00,1.047700047492981,2022-11-26
0,10,08:12:00,1.047700047492981,2022-11-26
0,10,08:13:00,1.047700047492981,2022-11-26
0,10,08:14:00,1.047700047492981,2022-11-26
0,10,08:15:00,1.047700047492981,2022-11-26
0,10,08:16:00,1.047700047492981,2022-11-26
0,10,08:17:00,1.047700047492981,2022-11-26
0,10,08:18:00,1.047700047492981,2022-11-26
0,10,08:19:00,1.047700047492981,2022-11-26
0,10,08:20:00,1.047700047492981,2022-11-26
0,10,08:21:00,1.047700047492981,2022-11-26
0,10,08:22:00,1.047700047492981,2022-11-26
0,10,08:23:00,1.047700047492981,2022-11-26
0,10,08:24:00,1.047700047492981,2022-11-26
0,10,08:25:00,1.047700047492981,2022-11-26
0,10,08:26:00,1.047700047492981,2022-11-26
0,10,08:27:00,1.047700047492981,2022-11-26
0,10,08:28:00,1.047700047492981,2022-11-26
0,10,08:29:00,1.047700047492981,2022-11-26
0,11,08:30:00,1.1524699926376343,2022-11-26
0,11,08:31:00,1.1524699926376343,2022-11-26
0,10,08:32:00,1.047700047492981,2022-11-26
0,11,08:33:00,1.1524699926376343,2022-11-26
0,10,08:34:00,1.047700047492981,2022-11-26
0,10,08:35:00,1.047700047492981,2022-11-26
0,10,08:36:00,1.047700047492981,2022-11-26
0,10,08:37:00,1.047700047492981,2022-11-26
0,10,08:38:00,1.047700047492981,2022-11-26
0,10,08:39:00,1.047700047492981,2022-11-26
1,22,08:40:00,2.3049399852752686,2022-11-26
1,22,08:41:00,2.3049399852752686,2022-11-26
0,10,08:42:00,1.047700047492981,2022-11-26
0,10,08:43:00,1.047700047492981,2022-11-26
0,10,08:44:00,1.047700047492981,2022-11-26
0,10,08:45:00,1.047700047492981,2022-11-26
0,10,08:46:00,1.047700047492981,2022-11-26
0,11,08:47:00,1.1524699926376343,2022-11-26
0,10,08:48:00,1.047700047492981,2022-11-26
0,10,08:49:00,1.047700047492981,2022-11-26
0,11,08:50:00,1.1524699926376343,2022-11-26
0,10,08:51:00,1.047700047492981,2022-11-26
0,11,08:52:00,1.1524699926376343,2022-11-26
0,10,08:53:00,1.047700047492981,2022-11-26
0,10,08:54:00,1.047700047492981,2022-11-26
0,10,08:55:00,1.047700047492981,2022-11-26
0,10,08:56:00,1.047700047492981,2022-11-26
0,10,08:57:00,1.047700047492981,2022-11-26
0,11,08:58:00,1.1524699926376343,2022-11-26
0,10,08:59:00,1.047700047492981,2022-11-26
1,26,09:00:00,2.724020004272461,2022-11-26
0,10,09:01:00,1.047700047492981,2022-11-26
0,10,09:02:00,1.047700047492981,2022-11-26
0,10,09:03:00,1.047700047492981,2022-11-26
0,10,09:04:00,1.047700047492981,2022-11-26
0,11,09:05:00,1.1524699926376343,2022-11-26
0,10,09:06:00,1.047700047492981,2022-11-26
0,10,09:07:00,1.047700047492981,2022-11-26
0,11,09:08:00,1.1524699926376343,2022-11-26
0,11,09:09:00,1.1524699926376343,2022-11-26
0,10,09:10:00,1.047700047492981,2022-11-26
0,10,09:11:00,1.047700047492981,2022-11-26
0,11,09:12:00,1.1524699926376343,2022-11-26
0,10,09:13:00,1.047700047492981,2022-11-26
0,10,09:14:00,1.047700047492981,2022-11-26
0,10,09:15:00,1.047700047492981,2022-11-26
0,10,09:16:00,1.047700047492981,2022-11-26
0,10,09:17:00,1.047700047492981,2022-11-26
0,11,09:18:00,1.1524699926376343,2022-11-26
0,10,09:19:00,1.047700047492981,2022-11-26
0,10,09:20:00,1.047700047492981,2022-11-26
0,10,09:21:00,1.047700047492981,2022-11-26
0,10,09:22:00,1.047700047492981,2022-11-26
0,10,09:23:00,1.047700047492981,2022-11-26
0,10,09:24:00,1.047700047492981,2022-11-26
0,11,09:25:00,1.1524699926376343,2022-11-26
0,10,09:26:00,1.047700047492981,2022-11-26
0,11,09:27:00,1.1524699926376343,2022-11-26
1,24,09:28:00,2.5144801139831543,2022-11-26
1,24,09:29:00,2.5144801139831543,2022-11-26
1,32,09:30:00,3.35263991355896,2022-11-26
0,13,09:31:00,1.3620100021362305,2022-11-26
0,13,09:32:00,1.3620100021362305,2022-11-26
1,32,09:33:00,3.35263991355896,2022-11-26
0,13,09:34:00,1.3620100021362305,2022-11-26
1,32,09:35:00,3.35263991355896,2022-11-26
1,36,09:36:00,3.7717199325561523,2022-11-26
1,38,09:37:00,3.981260061264038,2022-11-26
1,34,09:38:00,3.5621800422668457,2022-11-26
1,34,09:39:00,3.5621800422668457,2022-11-26
1,36,09:40:00,3.7717199325561523,2022-11-26
1,32,09:41:00,3.35263991355896,2022-11-26
1,38,09:42:00,3.981260061264038,2022-11-26
1,36,09:43:00,3.7717199325561523,2022-11-26
1,36,09:44:00,3.7717199325561523,2022-11-26
1,28,09:45:00,2.9335598945617676,2022-11-26
0,13,09:46:00,1.3620100021362305,2022-11-26
0,11,09:47:00,1.1524699926376343,2022-11-26
0,11,09:48:00,1.1524699926376343,2022-11-26
0,11,09:49:00,1.1524699926376343,2022-11-26
1,30,09:50:00,3.1431000232696533,2022-11-26
2,47,09:51:00,4.924190044403076,2022-11-26
3,73,09:52:00,7.648210048675537,2022-11-26
3,85,09:53:00,8.905449867248535,2022-11-26
3,86,09:54:00,9.01021957397461,2022-11-26
3,74,09:55:00,7.7529802322387695,2022-11-26
3,74,09:56:00,7.7529802322387695,2022-11-26
3,62,09:57:00,6.495739936828613,2022-11-26
2,44,09:58:00,4.609879970550537,2022-11-26
2,58,09:59:00,6.07666015625,2022-11-26
2,58,10:00:00,6.07666015625,2022-11-26
2,47,10:01:00,4.924190044403076,2022-11-26
2,50,10:02:00,5.238500118255615,2022-11-26
3,64,10:03:00,6.70527982711792,2022-11-26
3,64,10:04:00,6.70527982711792,2022-11-26
3,62,10:05:00,6.495739936828613,2022-11-26
1,31,10:06:00,3.2478699684143066,2022-11-26
0,13,10:07:00,1.3620100021362305,2022-11-26
1,32,10:08:00,3.35263991355896,2022-11-26
0,13,10:09:00,1.3620100021362305,2022-11-26
1,34,10:10:00,3.5621800422668457,2022-11-26
0,12,10:11:00,1.2572400569915771,2022-11-26
1,30,10:12:00,3.1431000232696533,2022-11-26
1,31,10:13:00,3.2478699684143066,2022-11-26
1,40,10:14:00,4.190800189971924,2022-11-26
1,38,10:15:00,3.981260061264038,2022-11-26
0,13,10:16:00,1.3620100021362305,2022-11-26
0,12,10:17:00,1.2572400569915771,2022-11-26
0,13,10:18:00,1.3620100021362305,2022-11-26
1,32,10:19:00,3.35263991355896,2022-11-26
1,40,10:20:00,4.190800189971924,2022-11-26
1,52,10:21:00,5.448040008544922,2022-11-26
1,48,10:22:00,5.028960227966309,2022-11-26
1,31,10:23:00,3.2478699684143066,2022-11-26
1,28,10:24:00,2.9335598945617676,2022-11-26
0,10,10:25:00,1.047700047492981,2022-11-26
0,10,10:26:00,1.047700047492981,2022-11-26
0,10,10:27:00,1.047700047492981,2022-11-26
0,10,10:28:00,1.047700047492981,2022-11-26
0,11,10:29:00,1.1524699926376343,2022-11-26
0,10,10:30:00,1.047700047492981,2022-11-26
0,10,10:31:00,1.047700047492981,2022-11-26
0,10,10:32:00,1.047700047492981,2022-11-26
0,10,10:33:00,1.047700047492981,2022-11-26
0,10,10:34:00,1.047700047492981,2022-11-26
0,10,10:35:00,1.047700047492981,2022-11-26
0,10,10:36:00,1.047700047492981,2022-11-26
0,10,10:37:00,1.047700047492981,2022-11-26
0,10,10:38:00,1.047700047492981,2022-11-26
0,10,10:39:00,1.047700047492981,2022-11-26
0,10,10:40:00,1.047700047492981,2022-11-26
0,10,10:41:00,1.047700047492981,2022-11-26
0,10,10:42:00,1.047700047492981,2022-11-26
0,10,10:43:00,1.047700047492981,2022-11-26
0,10,10:44:00,1.047700047492981,2022-11-26
0,10,10:45:00,1.047700047492981,2022-11-26
0,10,10:46:00,1.047700047492981,2022-11-26
0,10,10:47:00,1.047700047492981,2022-11-26
0,10,10:48:00,1.047700047492981,2022-11-26
0,10,10:49:00,1.047700047492981,2022-11-26
0,10,10:50:00,1.047700047492981,2022-11-26
0,10,10:51:00,1.047700047492981,2022-11-26
0,10,10:52:00,1.047700047492981,2022-11-26
0,10,10:53:00,1.047700047492981,2022-11-26
0,10,10:54:00,1.047700047492981,2022-11-26
0,10,10:55:00,1.047700047492981,2022-11-26
0,10,10:56:00,1.047700047492981,2022-11-26
0,10,10:57:00,1.047700047492981,2022-11-26
0,10,10:58:00,1.047700047492981,2022-11-26
0,10,10:59:00,1.047700047492981,2022-11-26
0,10,11:00:00,1.047700047492981,2022-11-26
0,10,11:01:00,1.047700047492981,2022-11-26
0,10,11:02:00,1.047700047492981,2022-11-26
0,10,11:03:00,1.047700047492981,2022-11-26
0,10,11:04:00,1.047700047492981,2022-11-26
0,10,11:05:00,1.047700047492981,2022-11-26
0,10,11:06:00,1.047700047492981,2022-11-26
0,10,11:07:00,1.047700047492981,2022-11-26
0,10,11:08:00,1.047700047492981,2022-11-26
0,10,11:09:00,1.047700047492981,2022-11-26
0,10,11:10:00,1.047700047492981,2022-11-26
0,10,11:11:00,1.047700047492981,2022-11-26
0,10,11:12:00,1.047700047492981,2022-11-26
0,10,11:13:00,1.047700047492981,2022-11-26
0,10,11:14:00,1.047700047492981,2022-11-26
0,10,11:15:00,1.047700047492981,2022-11-26
0,10,11:16:00,1.047700047492981,2022-11-26
0,10,11:17:00,1.047700047492981,2022-11-26
0,10,11:18:00,1.047700047492981,2022-11-26
0,10,11:19:00,1.047700047492981,2022-11-26
0,10,11:20:00,1.047700047492981,2022-11-26
0,10,11:21:00,1.047700047492981,2022-11-26
0,10,11:22:00,1.047700047492981,2022-11-26
0,10,11:23:00,1.047700047492981,2022-11-26
0,10,11:24:00,1.047700047492981,2022-11-26
0,10,11:25:00,1.047700047492981,2022-11-26
0,10,11:26:00,1.047700047492981,2022-11-26
0,10,11:27:00,1.047700047492981,2022-11-26
0,10,11:28:00,1.047700047492981,2022-11-26
0,10,11:29:00,1.047700047492981,2022-11-26
0,10,11:30:00,1.047700047492981,2022-11-26
0,10,11:31:00,1.047700047492981,2022-11-26
0,10,11:32:00,1.047700047492981,2022-11-26
0,10,11:33:00,1.047700047492981,2022-11-26
0,10,11:34:00,1.047700047492981,2022-11-26
0,10,11:35:00,1.047700047492981,2022-11-26
0,10,11:36:00,1.047700047492981,2022-11-26
0,10,11:37:00,1.047700047492981,2022-11-26
1,38,11:38:00,3.981260061264038,2022-11-26
0,10,11:39:00,1.047700047492981,2022-11-26
0,10,11:40:00,1.047700047492981,2022-11-26
0,10,11:41:00,1.047700047492981,2022-11-26
0,10,11:42:00,1.047700047492981,2022-11-26
0,10,11:43:00,1.047700047492981,2022-11-26
0,10,11:44:00,1.047700047492981,2022-11-26
0,10,11:45:00,1.047700047492981,2022-11-26
0,10,11:46:00,1.047700047492981,2022-11-26
0,10,11:47:00,1.047700047492981,2022-11-26
0,10,11:48:00,1.047700047492981,2022-11-26
0,10,11:49:00,1.047700047492981,2022-11-26
0,10,11:50:00,1.047700047492981,2022-11-26
0,10,11:51:00,1.047700047492981,2022-11-26
0,10,11:52:00,1.047700047492981,2022-11-26
0,10,11:53:00,1.047700047492981,2022-11-26
0,10,11:54:00,1.047700047492981,2022-11-26
1,30,11:55:00,3.1431000232696533,2022-11-26
0,10,11:56:00,1.047700047492981,2022-11-26
0,10,11:57:00,1.047700047492981,2022-11-26
0,10,11:58:00,1.047700047492981,2022-11-26
0,10,11:59:00,1.047700047492981,2022-11-26
0,10,12:00:00,1.047700047492981,2022-11-26
0,10,12:01:00,1.047700047492981,2022-11-26
0,10,12:02:00,1.047700047492981,2022-11-26
0,10,12:03:00,1.047700047492981,2022-11-26
0,10,12:04:00,1.047700047492981,2022-11-26
0,10,12:05:00,1.047700047492981,2022-11-26
0,10,12:06:00,1.047700047492981,2022-11-26
0,10,12:07:00,1.047700047492981,2022-11-26
0,10,12:08:00,1.047700047492981,2022-11-26
0,10,12:09:00,1.047700047492981,2022-11-26
0,10,12:10:00,1.047700047492981,2022-11-26
0,10,12:11:00,1.047700047492981,2022-11-26
0,10,12:12:00,1.047700047492981,2022-11-26
0,10,12:13:00,1.047700047492981,2022-11-26
0,10,12:14:00,1.047700047492981,2022-11-26
0,10,12:15:00,1.047700047492981,2022-11-26
0,10,12:16:00,1.047700047492981,2022-11-26
0,10,12:17:00,1.047700047492981,2022-11-26
0,10,12:18:00,1.047700047492981,2022-11-26
0,10,12:19:00,1.047700047492981,2022-11-26
0,10,12:20:00,1.047700047492981,2022-11-26
0,10,12:21:00,1.047700047492981,2022-11-26
0,10,12:22:00,1.047700047492981,2022-11-26
0,10,12:23:00,1.047700047492981,2022-11-26
0,10,12:24:00,1.047700047492981,2022-11-26
0,10,12:25:00,1.047700047492981,2022-11-26
0,10,12:26:00,1.047700047492981,2022-11-26
0,10,12:27:00,1.047700047492981,2022-11-26
0,10,12:28:00,1.047700047492981,2022-11-26
0,10,12:29:00,1.047700047492981,2022-11-26
0,10,12:30:00,1.047700047492981,2022-11-26
0,10,12:31:00,1.047700047492981,2022-11-26
0,10,12:32:00,1.047700047492981,2022-11-26
0,10,12:33:00,1.047700047492981,2022-11-26
0,10,12:34:00,1.047700047492981,2022-11-26
0,10,12:35:00,1.047700047492981,2022-11-26
0,10,12:36:00,1.047700047492981,2022-11-26
0,10,12:37:00,1.047700047492981,2022-11-26
0,10,12:38:00,1.047700047492981,2022-11-26
0,10,12:39:00,1.047700047492981,2022-11-26
0,10,12:40:00,1.047700047492981,2022-11-26
0,10,12:41:00,1.047700047492981,2022-11-26
0,10,12:42:00,1.047700047492981,2022-11-26
0,10,12:43:00,1.047700047492981,2022-11-26
0,10,12:44:00,1.047700047492981,2022-11-26
0,10,12:45:00,1.047700047492981,2022-11-26
0,10,12:46:00,1.047700047492981,2022-11-26
0,10,12:47:00,1.047700047492981,2022-11-26
0,10,12:48:00,1.047700047492981,2022-11-26
0,10,12:49:00,1.047700047492981,2022-11-26
0,10,12:50:00,1.047700047492981,2022-11-26
0,10,12:51:00,1.047700047492981,2022-11-26
0,10,12:52:00,1.047700047492981,2022-11-26
0,10,12:53:00,1.047700047492981,2022-11-26
0,10,12:54:00,1.047700047492981,2022-11-26
0,10,12:55:00,1.047700047492981,2022-11-26
0,10,12:56:00,1.047700047492981,2022-11-26
0,10,12:57:00,1.047700047492981,2022-11-26
0,10,12:58:00,1.047700047492981,2022-11-26
1,36,12:59:00,3.7717199325561523,2022-11-26
0,10,13:00:00,1.047700047492981,2022-11-26
0,10,13:01:00,1.047700047492981,2022-11-26
0,10,13:02:00,1.047700047492981,2022-11-26
0,10,13:03:00,1.047700047492981,2022-11-26
0,10,13:04:00,1.047700047492981,2022-11-26
0,10,13:05:00,1.047700047492981,2022-11-26
1,36,13:06:00,3.7717199325561523,2022-11-26
1,32,13:07:00,3.35263991355896,2022-11-26
0,10,13:08:00,1.047700047492981,2022-11-26
1,28,13:09:00,2.9335598945617676,2022-11-26
1,26,13:10:00,2.724020004272461,2022-11-26
0,11,13:11:00,1.1524699926376343,2022-11-26
0,10,13:12:00,1.047700047492981,2022-11-26
1,30,13:13:00,3.1431000232696533,2022-11-26
0,10,13:14:00,1.047700047492981,2022-11-26
0,10,13:15:00,1.047700047492981,2022-11-26
0,10,13:16:00,1.047700047492981,2022-11-26
1,26,13:17:00,2.724020004272461,2022-11-26
0,10,13:18:00,1.047700047492981,2022-11-26
1,34,13:19:00,3.5621800422668457,2022-11-26
1,30,13:20:00,3.1431000232696533,2022-11-26
0,11,13:21:00,1.1524699926376343,2022-11-26
0,10,13:22:00,1.047700047492981,2022-11-26
1,38,13:23:00,3.981260061264038,2022-11-26
1,38,13:24:00,3.981260061264038,2022-11-26
1,34,13:25:00,3.5621800422668457,2022-11-26
0,10,13:26:00,1.047700047492981,2022-11-26
1,32,13:27:00,3.35263991355896,2022-11-26
0,10,13:28:00,1.047700047492981,2022-11-26
0,10,13:29:00,1.047700047492981,2022-11-26
0,10,13:30:00,1.047700047492981,2022-11-26
0,10,13:31:00,1.047700047492981,2022-11-26
0,10,13:32:00,1.047700047492981,2022-11-26
0,10,13:33:00,1.047700047492981,2022-11-26
0,10,13:34:00,1.047700047492981,2022-11-26
0,10,13:35:00,1.047700047492981,2022-11-26
0,10,13:36:00,1.047700047492981,2022-11-26
0,10,13:37:00,1.047700047492981,2022-11-26
0,10,13:38:00,1.047700047492981,2022-11-26
0,10,13:39:00,1.047700047492981,2022-11-26
0,10,13:40:00,1.047700047492981,2022-11-26
0,10,13:41:00,1.047700047492981,2022-11-26
0,10,13:42:00,1.047700047492981,2022-11-26
0,10,13:43:00,1.047700047492981,2022-11-26
0,10,13:44:00,1.047700047492981,2022-11-26
0,10,13:45:00,1.047700047492981,2022-11-26
0,10,13:46:00,1.047700047492981,2022-11-26
0,10,13:47:00,1.047700047492981,2022-11-26
0,10,13:48:00,1.047700047492981,2022-11-26
0,10,13:49:00,1.047700047492981,2022-11-26
0,10,13:50:00,1.047700047492981,2022-11-26
0,10,13:51:00,1.047700047492981,2022-11-26
0,10,13:52:00,1.047700047492981,2022-11-26
0,10,13:53:00,1.047700047492981,2022-11-26
0,10,13:54:00,1.047700047492981,2022-11-26
0,10,13:55:00,1.047700047492981,2022-11-26
0,10,13:56:00,1.047700047492981,2022-11-26
0,10,13:57:00,1.047700047492981,2022-11-26
0,10,13:58:00,1.047700047492981,2022-11-26
0,10,13:59:00,1.047700047492981,2022-11-26
0,10,14:00:00,1.047700047492981,2022-11-26
0,10,14:01:00,1.047700047492981,2022-11-26
1,22,14:02:00,2.3049399852752686,2022-11-26
1,28,14:03:00,2.9335598945617676,2022-11-26
1,30,14:04:00,3.1431000232696533,2022-11-26
0,10,14:05:00,1.047700047492981,2022-11-26
0,10,14:06:00,1.047700047492981,2022-11-26
0,10,14:07:00,1.047700047492981,2022-11-26
0,10,14:08:00,1.047700047492981,2022-11-26
0,10,14:09:00,1.047700047492981,2022-11-26
0,10,14:10:00,1.047700047492981,2022-11-26
0,10,14:11:00,1.047700047492981,2022-11-26
0,10,14:12:00,1.047700047492981,2022-11-26
0,10,14:13:00,1.047700047492981,2022-11-26
0,10,14:14:00,1.047700047492981,2022-11-26
0,10,14:15:00,1.047700047492981,2022-11-26
0,10,14:16:00,1.047700047492981,2022-11-26
0,10,14:17:00,1.047700047492981,2022-11-26
0,10,14:18:00,1.047700047492981,2022-11-26
0,10,14:19:00,1.047700047492981,2022-11-26
0,10,14:20:00,1.047700047492981,2022-11-26
0,10,14:21:00,1.047700047492981,2022-11-26
0,10,14:22:00,1.047700047492981,2022-11-26
0,10,14:23:00,1.047700047492981,2022-11-26
0,10,14:24:00,1.047700047492981,2022-11-26
0,10,14:25:00,1.047700047492981,2022-11-26
0,10,14:26:00,1.047700047492981,2022-11-26
0,10,14:27:00,1.047700047492981,2022-11-26
1,30,14:28:00,3.1431000232696533,2022-11-26
0,10,14:29:00,1.047700047492981,2022-11-26
0,10,14:30:00,1.047700047492981,2022-11-26
0,10,14:31:00,1.047700047492981,2022-11-26
0,10,14:32:00,1.047700047492981,2022-11-26
0,10,14:33:00,1.047700047492981,2022-11-26
0,10,14:34:00,1.047700047492981,2022-11-26
0,10,14:35:00,1.047700047492981,2022-11-26
0,10,14:36:00,1.047700047492981,2022-11-26
0,10,14:37:00,1.047700047492981,2022-11-26
0,10,14:38:00,1.047700047492981,2022-11-26
0,10,14:39:00,1.047700047492981,2022-11-26
1,32,14:40:00,3.35263991355896,2022-11-26
0,10,14:41:00,1.047700047492981,2022-11-26
0,10,14:42:00,1.047700047492981,2022-11-26
0,10,14:43:00,1.047700047492981,2022-11-26
0,10,14:44:00,1.047700047492981,2022-11-26
0,10,14:45:00,1.047700047492981,2022-11-26
0,11,14:46:00,1.1524699926376343,2022-11-26
0,10,14:47:00,1.047700047492981,2022-11-26
0,10,14:48:00,1.047700047492981,2022-11-26
0,10,14:49:00,1.047700047492981,2022-11-26
0,10,14:50:00,1.047700047492981,2022-11-26
0,10,14:51:00,1.047700047492981,2022-11-26
0,10,14:52:00,1.047700047492981,2022-11-26
0,10,14:53:00,1.047700047492981,2022-11-26
0,10,14:54:00,1.047700047492981,2022-11-26
0,10,14:55:00,1.047700047492981,2022-11-26
0,10,14:56:00,1.047700047492981,2022-11-26
0,10,14:57:00,1.047700047492981,2022-11-26
0,10,14:58:00,1.047700047492981,2022-11-26
0,10,14:59:00,1.047700047492981,2022-11-26
0,10,15:00:00,1.047700047492981,2022-11-26
0,10,15:01:00,1.047700047492981,2022-11-26
0,10,15:02:00,1.047700047492981,2022-11-26
0,10,15:03:00,1.047700047492981,2022-11-26
0,10,15:04:00,1.047700047492981,2022-11-26
0,10,15:05:00,1.047700047492981,2022-11-26
0,10,15:06:00,1.047700047492981,2022-11-26
0,10,15:07:00,1.047700047492981,2022-11-26
0,10,15:08:00,1.047700047492981,2022-11-26
1,30,15:09:00,3.1431000232696533,2022-11-26
1,32,15:10:00,3.35263991355896,2022-11-26
1,24,15:11:00,2.5144801139831543,2022-11-26
0,10,15:12:00,1.047700047492981,2022-11-26
1,26,15:13:00,2.724020004272461,2022-11-26
0,10,15:14:00,1.047700047492981,2022-11-26
0,10,15:15:00,1.047700047492981,2022-11-26
1,28,15:16:00,2.9335598945617676,2022-11-26
1,24,15:17:00,2.5144801139831543,2022-11-26
1,26,15:18:00,2.724020004272461,2022-11-26
1,38,15:19:00,3.981260061264038,2022-11-26
0,10,15:20:00,1.047700047492981,2022-11-26
0,10,15:21:00,1.047700047492981,2022-11-26
1,50,15:22:00,5.238500118255615,2022-11-26
1,36,15:23:00,3.7717199325561523,2022-11-26
0,10,15:24:00,1.047700047492981,2022-11-26
0,10,15:25:00,1.047700047492981,2022-11-26
1,34,15:26:00,3.5621800422668457,2022-11-26
1,26,15:27:00,2.724020004272461,2022-11-26
0,10,15:28:00,1.047700047492981,2022-11-26
0,10,15:29:00,1.047700047492981,2022-11-26
1,24,15:30:00,2.5144801139831543,2022-11-26
0,10,15:31:00,1.047700047492981,2022-11-26
0,10,15:32:00,1.047700047492981,2022-11-26
0,10,15:33:00,1.047700047492981,2022-11-26
0,10,15:34:00,1.047700047492981,2022-11-26
0,10,15:35:00,1.047700047492981,2022-11-26
0,10,15:36:00,1.047700047492981,2022-11-26
0,10,15:37:00,1.047700047492981,2022-11-26
0,10,15:38:00,1.047700047492981,2022-11-26
0,10,15:39:00,1.047700047492981,2022-11-26
0,10,15:40:00,1.047700047492981,2022-11-26
0,10,15:41:00,1.047700047492981,2022-11-26
0,10,15:42:00,1.047700047492981,2022-11-26
0,10,15:43:00,1.047700047492981,2022-11-26
0,10,15:44:00,1.047700047492981,2022-11-26
0,10,15:45:00,1.047700047492981,2022-11-26
0,10,15:46:00,1.047700047492981,2022-11-26
0,10,15:47:00,1.047700047492981,2022-11-26
0,10,15:48:00,1.047700047492981,2022-11-26
1,24,15:49:00,2.5144801139831543,2022-11-26
0,10,15:50:00,1.047700047492981,2022-11-26
0,10,15:51:00,1.047700047492981,2022-11-26
0,10,15:52:00,1.047700047492981,2022-11-26
0,10,15:53:00,1.047700047492981,2022-11-26
1,26,15:54:00,2.724020004272461,2022-11-26
1,26,15:55:00,2.724020004272461,2022-11-26
0,10,15:56:00,1.047700047492981,2022-11-26
0,10,15:57:00,1.047700047492981,2022-11-26
0,10,15:58:00,1.047700047492981,2022-11-26
0,10,15:59:00,1.047700047492981,2022-11-26
0,10,16:00:00,1.047700047492981,2022-11-26
0,10,16:01:00,1.047700047492981,2022-11-26
0,10,16:02:00,1.047700047492981,2022-11-26
0,10,16:03:00,1.047700047492981,2022-11-26
0,10,16:04:00,1.047700047492981,2022-11-26
0,10,16:05:00,1.047700047492981,2022-11-26
0,10,16:06:00,1.047700047492981,2022-11-26
0,10,16:07:00,1.047700047492981,2022-11-26
0,10,16:08:00,1.047700047492981,2022-11-26
0,10,16:09:00,1.047700047492981,2022-11-26
0,10,16:10:00,1.047700047492981,2022-11-26
0,10,16:11:00,1.047700047492981,2022-11-26
0,10,16:12:00,1.047700047492981,2022-11-26
0,11,16:13:00,1.1524699926376343,2022-11-26
0,10,16:14:00,1.047700047492981,2022-11-26
0,10,16:15:00,1.047700047492981,2022-11-26
0,10,16:16:00,1.047700047492981,2022-11-26
0,10,16:17:00,1.047700047492981,2022-11-26
0,10,16:18:00,1.047700047492981,2022-11-26
0,10,16:19:00,1.047700047492981,2022-11-26
0,10,16:20:00,1.047700047492981,2022-11-26
0,10,16:21:00,1.047700047492981,2022-11-26
0,10,16:22:00,1.047700047492981,2022-11-26
1,38,16:23:00,3.981260061264038,2022-11-26
0,11,16:24:00,1.1524699926376343,2022-11-26
0,10,16:25:00,1.047700047492981,2022-11-26
0,10,16:26:00,1.047700047492981,2022-11-26
0,10,16:27:00,1.047700047492981,2022-11-26
0,10,16:28:00,1.047700047492981,2022-11-26
0,10,16:29:00,1.047700047492981,2022-11-26
0,10,16:30:00,1.047700047492981,2022-11-26
0,10,16:31:00,1.047700047492981,2022-11-26
0,10,16:32:00,1.047700047492981,2022-11-26
0,10,16:33:00,1.047700047492981,2022-11-26
0,10,16:34:00,1.047700047492981,2022-11-26
0,10,16:35:00,1.047700047492981,2022-11-26
0,10,16:36:00,1.047700047492981,2022-11-26
0,10,16:37:00,1.047700047492981,2022-11-26
0,10,16:38:00,1.047700047492981,2022-11-26
0,10,16:39:00,1.047700047492981,2022-11-26
0,10,16:40:00,1.047700047492981,2022-11-26
0,10,16:41:00,1.047700047492981,2022-11-26
0,10,16:42:00,1.047700047492981,2022-11-26
0,10,16:43:00,1.047700047492981,2022-11-26
0,10,16:44:00,1.047700047492981,2022-11-26
0,10,16:45:00,1.047700047492981,2022-11-26
0,10,16:46:00,1.047700047492981,2022-11-26
0,10,16:47:00,1.047700047492981,2022-11-26
0,10,16:48:00,1.047700047492981,2022-11-26
0,11,16:49:00,1.1524699926376343,2022-11-26
1,24,16:50:00,2.5144801139831543,2022-11-26
0,10,16:51:00,1.047700047492981,2022-11-26
0,10,16:52:00,1.047700047492981,2022-11-26
0,10,16:53:00,1.047700047492981,2022-11-26
0,10,16:54:00,1.047700047492981,2022-11-26
0,10,16:55:00,1.047700047492981,2022-11-26
0,10,16:56:00,1.047700047492981,2022-11-26
0,10,16:57:00,1.047700047492981,2022-11-26
0,10,16:58:00,1.047700047492981,2022-11-26
0,10,16:59:00,1.047700047492981,2022-11-26
0,10,17:00:00,1.047700047492981,2022-11-26
0,10,17:01:00,1.047700047492981,2022-11-26
0,10,17:02:00,1.047700047492981,2022-11-26
0,10,17:03:00,1.047700047492981,2022-11-26
0,10,17:04:00,1.047700047492981,2022-11-26
0,10,17:05:00,1.047700047492981,2022-11-26
1,28,17:06:00,2.9335598945617676,2022-11-26
0,10,17:07:00,1.047700047492981,2022-11-26
0,10,17:08:00,1.047700047492981,2022-11-26
0,10,17:09:00,1.047700047492981,2022-11-26
0,10,17:10:00,1.047700047492981,2022-11-26
0,10,17:11:00,1.047700047492981,2022-11-26
0,10,17:12:00,1.047700047492981,2022-11-26
1,40,17:13:00,4.190800189971924,2022-11-26
1,28,17:14:00,2.9335598945617676,2022-11-26
0,10,17:15:00,1.047700047492981,2022-11-26
0,10,17:16:00,1.047700047492981,2022-11-26
0,10,17:17:00,1.047700047492981,2022-11-26
0,10,17:18:00,1.047700047492981,2022-11-26
1,36,17:19:00,3.7717199325561523,2022-11-26
0,10,17:20:00,1.047700047492981,2022-11-26
0,10,17:21:00,1.047700047492981,2022-11-26
0,10,17:22:00,1.047700047492981,2022-11-26
0,10,17:23:00,1.047700047492981,2022-11-26
0,10,17:24:00,1.047700047492981,2022-11-26
0,10,17:25:00,1.047700047492981,2022-11-26
0,10,17:26:00,1.047700047492981,2022-11-26
0,10,17:27:00,1.047700047492981,2022-11-26
0,10,17:28:00,1.047700047492981,2022-11-26
0,10,17:29:00,1.047700047492981,2022-11-26
0,10,17:30:00,1.047700047492981,2022-11-26
0,10,17:31:00,1.047700047492981,2022-11-26
0,10,17:32:00,1.047700047492981,2022-11-26
0,10,17:33:00,1.047700047492981,2022-11-26
0,10,17:34:00,1.047700047492981,2022-11-26
0,10,17:35:00,1.047700047492981,2022-11-26
1,26,17:36:00,2.724020004272461,2022-11-26
0,10,17:37:00,1.047700047492981,2022-11-26
1,30,17:38:00,3.1431000232696533,2022-11-26
0,10,17:39:00,1.047700047492981,2022-11-26
0,10,17:40:00,1.047700047492981,2022-11-26
0,10,17:41:00,1.047700047492981,2022-11-26
0,11,17:42:00,1.1524699926376343,2022-11-26
0,10,17:43:00,1.047700047492981,2022-11-26
0,10,17:44:00,1.047700047492981,2022-11-26
0,10,17:45:00,1.047700047492981,2022-11-26
0,10,17:46:00,1.047700047492981,2022-11-26
0,10,17:47:00,1.047700047492981,2022-11-26
0,10,17:48:00,1.047700047492981,2022-11-26
0,10,17:49:00,1.047700047492981,2022-11-26
0,10,17:50:00,1.047700047492981,2022-11-26
0,10,17:51:00,1.047700047492981,2022-11-26
0,10,17:52:00,1.047700047492981,2022-11-26
0,10,17:53:00,1.047700047492981,2022-11-26
0,10,17:54:00,1.047700047492981,2022-11-26
0,10,17:55:00,1.047700047492981,2022-11-26
0,10,17:56:00,1.047700047492981,2022-11-26
0,10,17:57:00,1.047700047492981,2022-11-26
0,10,17:58:00,1.047700047492981,2022-11-26
0,10,17:59:00,1.047700047492981,2022-11-26
0,10,18:00:00,1.047700047492981,2022-11-26
0,10,18:01:00,1.047700047492981,2022-11-26
1,28,18:02:00,2.9335598945617676,2022-11-26
0,10,18:03:00,1.047700047492981,2022-11-26
0,10,18:04:00,1.047700047492981,2022-11-26
0,10,18:05:00,1.047700047492981,2022-11-26
0,10,18:06:00,1.047700047492981,2022-11-26
0,10,18:07:00,1.047700047492981,2022-11-26
0,10,18:08:00,1.047700047492981,2022-11-26
0,10,18:09:00,1.047700047492981,2022-11-26
0,10,18:10:00,1.047700047492981,2022-11-26
0,10,18:11:00,1.047700047492981,2022-11-26
0,10,18:12:00,1.047700047492981,2022-11-26
0,10,18:13:00,1.047700047492981,2022-11-26
0,10,18:14:00,1.047700047492981,2022-11-26
0,10,18:15:00,1.047700047492981,2022-11-26
0,10,18:16:00,1.047700047492981,2022-11-26
0,10,18:17:00,1.047700047492981,2022-11-26
0,10,18:18:00,1.047700047492981,2022-11-26
0,10,18:19:00,1.047700047492981,2022-11-26
0,10,18:20:00,1.047700047492981,2022-11-26
0,10,18:21:00,1.047700047492981,2022-11-26
0,10,18:22:00,1.047700047492981,2022-11-26
0,10,18:23:00,1.047700047492981,2022-11-26
0,10,18:24:00,1.047700047492981,2022-11-26
0,10,18:25:00,1.047700047492981,2022-11-26
0,10,18:26:00,1.047700047492981,2022-11-26
1,36,18:27:00,3.7717199325561523,2022-11-26
1,26,18:28:00,2.724020004272461,2022-11-26
1,40,18:29:00,4.190800189971924,2022-11-26
1,40,18:30:00,4.190800189971924,2022-11-26
1,48,18:31:00,5.028960227966309,2022-11-26
1,44,18:32:00,4.609879970550537,2022-11-26
0,13,18:33:00,1.3620100021362305,2022-11-26
0,13,18:34:00,1.3620100021362305,2022-11-26
0,13,18:35:00,1.3620100021362305,2022-11-26
0,12,18:36:00,1.2572400569915771,2022-11-26
0,12,18:37:00,1.2572400569915771,2022-11-26
0,13,18:38:00,1.3620100021362305,2022-11-26
0,13,18:39:00,1.3620100021362305,2022-11-26
0,13,18:40:00,1.3620100021362305,2022-11-26
0,12,18:41:00,1.2572400569915771,2022-11-26
1,30,18:42:00,3.1431000232696533,2022-11-26
1,56,18:43:00,5.867119789123535,2022-11-26
1,60,18:44:00,6.286200046539307,2022-11-26
1,56,18:45:00,5.867119789123535,2022-11-26
1,36,18:46:00,3.7717199325561523,2022-11-26
1,40,18:47:00,4.190800189971924,2022-11-26
0,13,18:48:00,1.3620100021362305,2022-11-26
1,29,18:49:00,3.038330078125,2022-11-26
1,34,18:50:00,3.5621800422668457,2022-11-26
0,13,18:51:00,1.3620100021362305,2022-11-26
0,12,18:52:00,1.2572400569915771,2022-11-26
0,12,18:53:00,1.2572400569915771,2022-11-26
0,13,18:54:00,1.3620100021362305,2022-11-26
0,12,18:55:00,1.2572400569915771,2022-11-26
0,12,18:56:00,1.2572400569915771,2022-11-26
0,13,18:57:00,1.3620100021362305,2022-11-26
0,12,18:58:00,1.2572400569915771,2022-11-26
0,12,18:59:00,1.2572400569915771,2022-11-26
0,12,19:00:00,1.2572400569915771,2022-11-26
0,12,19:01:00,1.2572400569915771,2022-11-26
0,12,19:02:00,1.2572400569915771,2022-11-26
0,12,19:03:00,1.2572400569915771,2022-11-26
0,13,19:04:00,1.3620100021362305,2022-11-26
0,12,19:05:00,1.2572400569915771,2022-11-26
0,13,19:06:00,1.3620100021362305,2022-11-26
0,12,19:07:00,1.2572400569915771,2022-11-26
0,12,19:08:00,1.2572400569915771,2022-11-26
0,13,19:09:00,1.3620100021362305,2022-11-26
0,13,19:10:00,1.3620100021362305,2022-11-26
0,13,19:11:00,1.3620100021362305,2022-11-26
1,28,19:12:00,2.9335598945617676,2022-11-26
1,26,19:13:00,2.724020004272461,2022-11-26
0,13,19:14:00,1.3620100021362305,2022-11-26
0,13,19:15:00,1.3620100021362305,2022-11-26
0,13,19:16:00,1.3620100021362305,2022-11-26
0,12,19:17:00,1.2572400569915771,2022-11-26
1,28,19:18:00,2.9335598945617676,2022-11-26
0,13,19:19:00,1.3620100021362305,2022-11-26
1,36,19:20:00,3.7717199325561523,2022-11-26
0,13,19:21:00,1.3620100021362305,2022-11-26
0,13,19:22:00,1.3620100021362305,2022-11-26
0,13,19:23:00,1.3620100021362305,2022-11-26
1,28,19:24:00,2.9335598945617676,2022-11-26
0,13,19:25:00,1.3620100021362305,2022-11-26
1,26,19:26:00,2.724020004272461,2022-11-26
1,34,19:27:00,3.5621800422668457,2022-11-26
0,13,19:28:00,1.3620100021362305,2022-11-26
1,30,19:29:00,3.1431000232696533,2022-11-26
1,38,19:30:00,3.981260061264038,2022-11-26
1,30,19:31:00,3.1431000232696533,2022-11-26
0,13,19:32:00,1.3620100021362305,2022-11-26
1,30,19:33:00,3.1431000232696533,2022-11-26
0,12,19:34:00,1.2572400569915771,2022-11-26
0,11,19:35:00,1.1524699926376343,2022-11-26
0,13,19:36:00,1.3620100021362305,2022-11-26
0,13,19:37:00,1.3620100021362305,2022-11-26
0,13,19:38:00,1.3620100021362305,2022-11-26
0,12,19:39:00,1.2572400569915771,2022-11-26
0,10,19:40:00,1.047700047492981,2022-11-26
0,11,19:41:00,1.1524699926376343,2022-11-26
0,10,19:42:00,1.047700047492981,2022-11-26
0,10,19:43:00,1.047700047492981,2022-11-26
0,10,19:44:00,1.047700047492981,2022-11-26
0,10,19:45:00,1.047700047492981,2022-11-26
0,10,19:46:00,1.047700047492981,2022-11-26
0,10,19:47:00,1.047700047492981,2022-11-26
0,10,19:48:00,1.047700047492981,2022-11-26
0,10,19:49:00,1.047700047492981,2022-11-26
0,0,19:50:00,0.0,2022-11-26
